词语,出现次数
数据,2130
A股,1077
股市,972
夜读,884
深度,844
关注,829
直播,807
收盘,794
今日,763
推荐,739
中国,736
开始,732
热点,723
舆情,703
市场,649
美国,584
11,526
10,453
敏感,385
12,377
更新,358
内容,341
如何,325
基金,311
业绩,299
同比,294
15,283
发现,259
价格,252
美联储,237
投资,237
20,233
相关,229
经济,228
14,222
继续,221
企业,218
00,214
美股,212
30,209
今天,206
21,205
17,204
预期,203
增长,197
08,194
地缘,191
银行,186
16,185
13,185
图志,184
18,180
机构,178
消费,174
22,170
哪些,168
为何,167
全球,167
19,166
PMI,164
09,164
债市,163
什么,159
公司,157
持续,153
上市,151
行业,148
板块,147
央行,147
出口,144
汽车,144
影响,143
CPI,135
降息,133
财新,130
香港,127
最新,123
加息,123
美元,121
利润,120
制造业,120
风险,119
人民币,118
通胀,116
新能源,116
港股,112
一季度,111
25,109
关税,109
增速,109
工业,109
业务,109
政策,107
指数,102
下降,102
投资者,102
AI,102
下滑,102
特朗普,101
日本,101
